{
  "backprop" : true,
  "backpropType" : "Standard",
  "cacheMode" : "NONE",
  "confs" : [ {
    "cacheMode" : "NONE",
    "iterationCount" : 0,
    "l1ByParam" : {
      "b" : 0.0,
      "W" : 0.0
    },
    "l2ByParam" : {
      "b" : 0.0,
      "W" : 0.0
    },
    "layer" : {
      "dense" : {
        "activationFn" : {
          "Sigmoid" : { }
        },
        "adamMeanDecay" : "NaN",
        "adamVarDecay" : "NaN",
        "biasInit" : 0.0,
        "biasLearningRate" : 0.01,
        "dist" : {
          "type" : "org.deeplearning4j.nn.conf.distribution.UniformDistribution",
          "lower" : 0.0,
          "upper" : 1.0
        },
        "dropOut" : 0.0,
        "epsilon" : "NaN",
        "gradientNormalization" : "None",
        "gradientNormalizationThreshold" : 1.0,
        "iupdater" : {
          "@class" : "org.nd4j.linalg.learning.config.Sgd",
          "learningRate" : 0.01
        },
        "l1" : 0.0,
        "l1Bias" : 0.0,
        "l2" : 0.0,
        "l2Bias" : 0.0,
        "layerName" : "layer0",
        "learningRate" : 0.01,
        "learningRateSchedule" : null,
        "momentum" : "NaN",
        "momentumSchedule" : null,
        "nin" : 5,
        "nout" : 20,
        "rho" : "NaN",
        "rmsDecay" : "NaN",
        "updater" : "SGD",
        "weightInit" : "DISTRIBUTION"
      }
    },
    "leakyreluAlpha" : 0.0,
    "learningRateByParam" : {
      "b" : 0.01,
      "W" : 0.01
    },
    "learningRatePolicy" : "None",
    "lrPolicyDecayRate" : "NaN",
    "lrPolicyPower" : "NaN",
    "lrPolicySteps" : "NaN",
    "maxNumLineSearchIterations" : 5,
    "miniBatch" : false,
    "minimize" : true,
    "numIterations" : 5000,
    "optimizationAlgo" : "STOCHASTIC_GRADIENT_DESCENT",
    "pretrain" : false,
    "seed" : 123,
    "stepFunction" : null,
    "useDropConnect" : false,
    "useRegularization" : false,
    "variables" : [ "W", "b" ]
  }, {
    "cacheMode" : "NONE",
    "iterationCount" : 0,
    "l1ByParam" : {
      "b" : 0.0,
      "W" : 0.0
    },
    "l2ByParam" : {
      "b" : 0.0,
      "W" : 0.0
    },
    "layer" : {
      "output" : {
        "activationFn" : {
          "Softmax" : { }
        },
        "adamMeanDecay" : "NaN",
        "adamVarDecay" : "NaN",
        "biasInit" : 0.0,
        "biasLearningRate" : 0.01,
        "dist" : {
          "type" : "org.deeplearning4j.nn.conf.distribution.UniformDistribution",
          "lower" : 0.0,
          "upper" : 1.0
        },
        "dropOut" : 0.0,
        "epsilon" : "NaN",
        "gradientNormalization" : "None",
        "gradientNormalizationThreshold" : 1.0,
        "iupdater" : {
          "@class" : "org.nd4j.linalg.learning.config.Sgd",
          "learningRate" : 0.01
        },
        "l1" : 0.0,
        "l1Bias" : 0.0,
        "l2" : 0.0,
        "l2Bias" : 0.0,
        "layerName" : "layer1",
        "learningRate" : 0.01,
        "learningRateSchedule" : null,
        "lossFn" : {
          "NegativeLogLikelihood" : {
            "softmaxClipEps" : 1.0E-10
          }
        },
        "lossFunction" : "NEGATIVELOGLIKELIHOOD",
        "momentum" : "NaN",
        "momentumSchedule" : null,
        "nin" : 20,
        "nout" : 2,
        "rho" : "NaN",
        "rmsDecay" : "NaN",
        "updater" : "SGD",
        "weightInit" : "DISTRIBUTION"
      }
    },
    "leakyreluAlpha" : 0.0,
    "learningRateByParam" : {
      "b" : 0.01,
      "W" : 0.01
    },
    "learningRatePolicy" : "None",
    "lrPolicyDecayRate" : "NaN",
    "lrPolicyPower" : "NaN",
    "lrPolicySteps" : "NaN",
    "maxNumLineSearchIterations" : 5,
    "miniBatch" : false,
    "minimize" : true,
    "numIterations" : 5000,
    "optimizationAlgo" : "STOCHASTIC_GRADIENT_DESCENT",
    "pretrain" : false,
    "seed" : 123,
    "stepFunction" : null,
    "useDropConnect" : false,
    "useRegularization" : false,
    "variables" : [ "W", "b" ]
  } ],
  "inferenceWorkspaceMode" : "SEPARATE",
  "inputPreProcessors" : { },
  "iterationCount" : 30000,
  "pretrain" : false,
  "tbpttBackLength" : 20,
  "tbpttFwdLength" : 20,
  "trainingWorkspaceMode" : "NONE"
}